<?xml version="1.0" encoding="UTF-8"?>
<project-private xmlns="http://www.netbeans.org/ns/project-private/1">
    <editor-bookmarks xmlns="http://www.netbeans.org/ns/editor-bookmarks/2" lastBookmarkId="0"/>
    <open-files xmlns="http://www.netbeans.org/ns/projectui-open-files/2">
        <group>
            <file>file:/C:/xampp/htdocs/GrandmaLife/web/Login.html</file>
            <file>file:/C:/xampp/htdocs/GrandmaLife/web/about.html</file>
            <file>file:/C:/xampp/htdocs/GrandmaLifev5/index.php</file>
            <file>file:/C:/xampp/htdocs/GrandmaLife/web/PHP-Login/index.php</file>
            <file>file:/C:/xampp/htdocs/GrandmaLife/web/features.html</file>
        </group>
    </open-files>
</project-private>
